biker_id,tour_id
CG33145288,YU2519340 QX16813281 QP76364848 WX2683695 QR03717384 RQ49464820 RV8233790 VW3098017 QR69035551 RP07279414
EC61865653,QU48928340 QS25647788 YQ5403718 RW48209109 US0307239 SR2219501 ST80624055 QW71812765 TQ29023810 RV21503414 RR14608095
CC23946882,YV890078 SX31661369 RU03553114 UX1543591 QP2460414 QR82190480 RX4003894 QT97445719 QX86219882 SU88114419 YV6176695 QR81294006 XS2412932 RT30405430 QP49842818 RP2394818 RW98408743 RU97005766 QY63129990 QQ14147164 RX37083684 QV62539682 TQ18369012 RX77332363 RQ70473823 TR15766191 SU77726402 TQ63116429
DC82478477,YW217712 SV43004825 TR67083677 QV19013260
EC46728549,RQ33183406 VP2394192 WW1676713 RU29072432 RR49210117 RT89566262 XR7394707 SS88135408 QS61307272 SP01071751 SP29325544 QS13929779 ST54377311 RV50202363 TQ16595591 SR30650403 TU687644 QV38992821
DJ43175229,XP6696202 SX39967033 SX39967033 WU7252209 XU675684 SY4293006 TR54164270 TQ67096253 QQ47537500 QQ47537500 TQ86902667 YP6531778 SY66478016 SW79103948 SW79103948 RU8676103 QV158771 QW75180166 SS99197241 SU3850493 SU3850493 RU15291685 QS79185675 SX11881163 YP1303979 SR2567970 SW47115394 TQ78250062 RT35261389 SY96685669 QV99116640 XT5956763 SU23553728 QX29766016 YY6491337 YY6491337 RW13137893 QP89632536 SQ00093322 RV16959506 SX22409571 SR85475817 YS2459990 RW62265549 QV79520303 QV79520303 QT91291821 RR23569283 VX2667459
EA60379526,SS27788367 QT66528489 SX79292193 VW2757840 QX10747729 SX28664529
HB3889887,RP43455253 SX07386691 WT1936389 QW76393554 QP95206162 QV99561506
CJ45719859,SS69927458 RU98678508 RQ45977549 SS84785057 SQ17416613 WY5158097
BA17536864,RX05037878 RW31716338 QY9858305 SQ50441220 QV99663431 ST99428374 XY8889852 SS58064160 WU1599722 QS7663137 SU98138867 QQ59994451
BC0053518,YU5398943 XV1118590 ST04987729 QV00413013 RU29072432 SR19059524 QQ55472355 RS69873901 SQ18974631 RR82291531
BI47581168,QW33693317 XR0270984 ST80624055 SY41340806 SS12315763 TP53873223
DI18890017,YT0261225 QX48091116 UU6895940 RT27137736 QV26822880 RT1839498 RS81736875 QP1598631 SX10095115 SR72491346 SV17481257
CG5682801,WU1749751 TP02891827 TR38847438 SV72109301 TR3286334 RQ02453106 QS10511988 VT5128809 RT15873572 QX53948415 RU65498979 SV34298859
JF170590,QV00413013 TV0925649 SW51042480 QY71885970 YU5398943 RW05765590 RU29072432 QV90420493 RV55831834 QU32377761 QS90707377 WS460149 QY36167908 QX27572703 ST16874251 QP44854627 QW60953513 UU3400622
CF73722639,QW16470668 TQ05510328 QR94336672 QY02753965 RU48272502 TW2699259
BC51857185,XT306188 RX01788819 RW49567415 SV15755136 QS64587311 UX8843412
DF8368837,QV99663431 SP53102253 QQ14350408 SX35917768 QV93226702 RS79850649 RS79850649 RU71460566 ST18415418 RX59670510 QW69487166 QQ10231970 QR80269047 QR80269047 QT01905636 ST75854859
CD37182196,RY43640347 RW79241460 QV45204489 RP92874032 RQ40131407 SQ98700718
CI18909605,SS88135408 QV70109616 SX96502134 QS95640727 QP95856197 RU56636029
DD16715342,SY9364804 TP50261217 RX4003894 UX1543591 RQ74911504 QW99014052 RQ75249529 SP46805064 ST22533807 SS29566428 VQ8783038 RR73085791 TQ18369012 QQ79651886 SX89211600 SP36332464 QQ61382369 SU61205682 QQ20849582
DF2560129,VY5330828 SR13069097 RV25858033 RV15982486 QT68625690 QV80782785
DE86057072,QT74416640 RV26154283 QT71140446 RR23651182 RR37504401 RU69103422 WV7782490 SW63851020 QW93588465 QT28612515 RT22072300 ST38779574 SU26965347 TY1095881 QT98441841 QW85099143 QW42345117 RY21824776 SS50877007 RQ50760652 QQ68483619
CD84215566,RR21155670 QP77569445 QP609218 SS82116221 RQ75520870 QU78537301
DJ43899827,VS5799819 RW57355954 RX22548338 QY73916091 VQ6825218 UT6889678
DF80128452,ST29508261 QW7094411 RT15873572 QY18177304 RU34753543 RT01458775
DD65349866,WY9356822 TQ62137499 RQ53348068 QR94433853 SQ35553288 SU19129293 TQ93610911 RX30173169 SS6783397 QS33552095 SQ98478289
BA73188652,RU29072432 QS29734614 QP66708183 QU6790944 SQ98275968 SR32053960
EB9456233,YV5900163 TQ98728308 WT1936389 RY89906553 SS65728297 SY30077968 SX09972731 SX07386691 SP96327312 RT88820817 RR98558334 RR98558334 SS76874101 TP25975316
DB04132371,QS63619788 SX69571263 RX39246665 SS88395910 QY7942693 QV88286558 TP21236305 RS63192851 RP79614127 TR7802891 XQ1590455 QX32632366 QY93199919 WU2084125
DI35637004,SV56509214 RQ34184008 QV99476673 QV99476673 QP30253462 QP30253462 QU25583872 QP02636124 QU01858181 SX90693055 SP25468453 QV8005957 SY93564604 QS29447487 QU86739051 QU86739051 SP56563942 QS95200630 QQ45218797 WV6696037 WV6696037 WV6696037 QY59602368 TP04124974 XR6425232 SX8159206 QP8743814 XW8854939 RV56631876 QW78753558 QW78753558 QW78753558 SP86681346 RV58489159 RV58489159 XV4377288 QX32043495 TT1814527 RU81126621 QP47438940 QP47438940 XU7528595 QU63203779 TP37816474 SS82162822 TQ4015310
GF4235318,SU01620432 SU57752126 RY86124911 RT90603461 QP81122807 SQ83605169
BC58740073,QV00413013 RW40270294 RS94399969 RR64041858 QX29625839 QP82833698
CH91418962,TR23848259 SY61489941 SR5043475 QX11629670 YP7836813 SS78482079 RQ53037761 VR2003251 SS27844721 QR5067550 SW97841998 SW73489407 XW962584 QS0493588 SQ99229320
CC05166542,VU357600 SX01659300 RV31498914 RR3675975 QP06903887 WU9623017 QY89853635 WU0506418 QY75008770 RS25712717 QR32434552 VW648066 UR2490248
CB85852179,QT88068589 SX63879024 SS27257991 RW19491342 RX06565970 SS74363087
CJ54864792,RU19019736 SW06170359 QW4289497 QX31967705 ST17632652 QT4329426 SQ20537018 QV56749821 SX19599403 QS21452952 RX23348542 QY28569785 SS65983510 RW22317680 RU3589568 QV43010658 QR15962379 RX00200908 SP12452481 SY69706469
EG9116393,ST91186803 UV8700686 QV93723804 SS3290432 RP42699691 QW44782612
BE28101175,QV00413013 RU29072432 WS8643299 TQ93610911 RX72892494 QY03400031
DG14158257,QX76951633 SY34491209 YU5398943 QW5229279 QQ33147752 QU32377761 ST63879879 QT98441841 TT5373500 SV32072502 RU51881360 QT91066879
BF48216840,TP8698482 QY05807810 QP5718448 UT4654350 RU95699357 RS28211583 QV65415662 QY341280 TR31267316 SQ8862099 SV83968161 RS88010027 WT6090405 SQ29504825 QY97487607 VQ8917454 SQ92554396 SU96095472 RT02098473 QT59514053 RW8489979 UV286280 QW40159503 RQ06690920 RT25935882
BF65310892,TR32519602 QU97380017 SR81130769 QU1502491 QS23913377
DJ11822363,TR60484947 RW76357538 QQ6503895 SP27352986 QS83850843 SR42928083
EI3141559,SQ87773396 RQ43656308 RS03635604 SU81275802 QQ01073006 SV01943023
CG16219713,TR06665392 RQ05083541 SP74569974 QU49564349 QW69590720 QP85747802
DI34655845,QS89928885 SY51671760 SU12026987 SR33419825 QY29873511 TW443771 SV47265906 QW40256327 SY73696886 RQ55939936 SY54561766 RQ68969773 SS77584734 QX21342748 QP7443528 QX19837770 QP53235337 SW63253189 RV7727906 SV59662790 SY71390766 RV11379231 QT10614402 YT1196361 YR1197600 YR1197600 RP58463423 RP58463423 SW66848512 SW66848512 WV7220247 SR01835846 SR01835846 SU83871144 SU83871144
DC85425249,QU48754507 QW38134091 RQ56780216 RR71782630 QR26009206 QY21275 SQ62919464 SW85387487 TP96699700 WW9606777 RX27139478 SY10184716
FD2014578,YU5398943 QV00413013 RU29072432 VP2394192 RQ53348068 RW76927174
GI3588589,SS59524298 SY80859647 QU02284248 SS12755383 RS73204206 YW0593998
HF001773,QX92018889 QP609218 QW16470668 RV21315686 QY02753965
GF3909548,QV02727924 SR70799775 QX01766962 RS54737755 ST44116390 YS1943556 RW97207968 SX31365201 SP18072372 SP68673644 UW8836029 RR86788106 RY5859751 SR21494425
DH93812304,QV11840162 YU5398943 SS00948291 QY43255162 QU32377761 YX6099040 RV88888297 QS90707377 TT5373500 QP44854627 SV32072502 QW94486525
CC06472604,TQ46552769 QV74888438 RW61317427 RW70466219 QW81009055 WU4494201
BI10026348,VP2394192 QS61307272 WW1676713 QU69838328 RU90934028 XW8192149
EA22287072,RV50542682 QP68825763 RT29693803 RP29179615 QS32759137 SY03656386
BG12038297,RQ88977150 YT0376988 SX42575553 TY0005260 SU05444496 QT40583414 QP03847016 RS61063319 SU6211013 SU18831374 RU12730591 RU12730591 RR91564875 VX7654571 VX7654571 RW40924995 RW40924995 SX55990127 SX55990127 SR04081953 SR04081953
BF97392855,SR03768458 UQ684856 QV00524252 SY43014604 QQ34365310 RQ78514388 QP29448353 WQ6262797 SY52569238 RT71590822 WP4367100
FE7476091,RR27701444 TR17931794 RQ83498812 QR34490218 QY15380946 QY83407490
EA30798150,TQ25420656 UW3886273 SU09100603 TR03627753 QR68088620 XX1346279 TR33837355 WY9782433 RT47943335 SR51813967 XY9234866 SS15040094 QU01679119 VW5888033 ST81603259 RT28145712 XR3015621
EC22590338,QR24903972 RT06637710 RQ53821115 YW6859786 QS80816019 QW82916605 QW63016232 QY86416649 QV15092494 RT90438703 SP0004583 RT34399746
DD84998777,ST44400392 SS4681152 WP239777 QX75566296 RX97294049 QP38016517
DD6493147,SS88135408 SQ67757146 RY81182600 QP71371108 ST54377311 QQ73255704 QP0652122 SX56450292 RR1202458 RR81874957
BD15208123,YU5398943 RU29072432 SX75231517 UR2741694 QU32377761 QS90707377 SU65166403 SW35101795 QT45028465 YX6099040 SS14895954 SY38809089
BA34249941,WV9820406 RT60957668 QV7252762 SP50850143 QQ40866581 QY64407998
CG1990895,RX15171271 SQ11155015 QR5067550 QV30022509 SS20505228 RX9404082 SU42075399 WT5914541 QR67316763 QS06613841 RR70458671 RP38842201 TQ01549335
CB29690960,QU22480247 YU5398943 SY29337192 SP66409179 RW59111805 RX06565970 XY7667289 XY2230242 TQ4601582 RS18827942 TP79660037 QX11608751 SS54845431 QY83140495 WP3370904 RR85963249 RP97501529
DH98708300,RQ53037761 RU4046741 XS4360181 QR5579007 ST83869180 RW98291665
BD17057097,YU5398943 QV00413013 RP30801280 TQ36385770 SR76213471 QY26323783
CC64585544,RQ86054523 XR1546192 QV95480317 RT56139530 WU3115138 QY14791953 QY14791953 QS59710437 SY68395368 UX7628640 RV10561518 XY3326926 QS32759137 QS32759137 SP57340966 RS79850649 RS79850649 SV17750746 YR9607923 QQ33385189 QQ33385189 VQ5488222
BF20424871,RP59769837 QP34336461 QQ11438174 SP55102570 RT67740297 VQ5488222
DC61647162,RU29072432 RV43833505 YP7302600 ST34717258 QV00413013 YU5398943 RP39358442 SQ84899378 VS3659090 RQ30616732 QV92359541 RT01458775
BJ35452377,RX22548338 QR97375856 SQ26631984 QU4173769 QS33874666 QX41503354 QR60659849 UW8876481 SR66414126 RV5740872 VS5799819 QR82082433 RT91721612 VQ6825218 QY73916091 RR85108120
DD98074284,QS41096506 QY51496954 TS2884667 TP35948758 SY78187960 QY07768249
DG82151225,QP76364848 QR03717384 RQ49464820 QR69035551 SP48578499 RP07279414
EB65509784,RQ53037761 TR42816413 QV13671569 QR17440720 RX24024899 SR89683998
CI37984655,RX14849271 QR36456605 SS35153331 SS35153331 TT040604 SX9811473 RW32029489 QQ12738637 XX0504585 WY3677521 WY3677521 SP03210851 RX87039266 QR5703643 RW16492883 RW16492883 QX64837767 RW68548410 TQ03636596 RW87953346 SX50944985 SS15756640 TR7268030 SS59203400 SS59203400 SS59203400
CG78956041,SQ18576636 YR1030522 RV11097725 XS4360181 RR35916835 TQ30552113
CF57219570,TQ1688154 QQ24353248 SU04982125 SU73523098 QS28882359 SW83327786 US675398 VT37434 QX13646982
CC54327912,QP70630186 RS92374410 SP16174135 RY78944992 RW05882453 SU36688266 QS26604587 SP29154892 SY00421971 QR69960949 RR6825255 RQ42921098 TR56469902 SV48232990 RU48227077 SW52550750 SY43631332 VX4266372 SV74503714 TP32794844 YR0600431 RQ51031983 QY19672247 QY27488321 VP5781708 SR15487391
DI38242688,YU2519340 QX16813281 QP76364848 RT18142030 SQ03100779 SX49306291 WX2683695 QR03717384 RQ49464820 RQ49464820 QR69035551 QR69035551 RP07279414 RP07279414
DF6982085,RT98491194 TR44463632 RP73609284 QQ51525474 QR03717384 RP07279414
CJ85391759,TQ94031651 SS81455240 RV22473733 SP39309993 QW73358985 SQ02683928 RR21249291 SU01505424 SV59345285 QY66266774 SY45518849 ST48037031 TY7198144 RY56336268 RX94424874 YR9809053 QS20937087 SY30422129
CE93825465,VW9668918 TP83305694 RY3191359 RP10583664 RX56192562 QX37043651
DF94171699,QP76364848 QQ51525474 QQ32763322 RV8233790 QR69035551 RP07279414
EA30525076,QU57343462 YT1395439 QS70289455 QS16988613 RR32765899 RU67184413
EC89419892,RQ15491671 RR35916835 RW46202243 TT0098296 SX64843980 RT65528861
BE85684679,RW62356638 SV97359735 QV30022509 SX64843980 UQ9767743 SW90866767
BG61089307,YV6971643 TR03627753 XY9234866 VW9700922 QQ0357109 RT28145712
BD17928829,TP71751701 RS6468864 SY78290343 QV60158596 RY37515293 QR62111436
CG22502489,SW31945988 QW76393554 YT3072239 TQ52491492 RV28680570 RQ20779072
DI43287866,QU3565237 VV7779361 SU65166403 YU5398943 RU29072432 TR68654829 RW76357538 QS60334065 QS90707377 QU32377761 SV32072502
IE4324358,QS33077999 SX31661369 QW38149624 RT30405430 QS0911918 SU77726402
CD170479,XV1118590 RU29072432 QV00413013 YU5398943 QP63306856 TQ82729306 RW76357538 RW82403445 QU32377761 RQ42755647 QY96503357 SW35036412 QS90707377 RT05536413 XQ3650546 RW53736442 RP99424186 SV32072502 QW53679456 SY85899647 QP44854627
DH64872798,RX28969498 RU69748465 RW66425759 VY9622003 RX06565970
DE74033611,QY96503357 RR58521927 YY2561323 VT5163767 TR10442719 QT80770482
DE82692814,QP76364848 UQ6796945 SQ20715480 SS09338938 QR69035551 RP07279414
CE80681213,YU2519340 RT98491194 RP73609284 ST25809914
CA54648409,TR2024082 YU5398943 TQ77339177 RR37045476 XY6485186 RV4093631 TQ03800848 QP78399009 VT2644408 SR76213471 RT38434714 SQ90231827 QT01905636
BA44598291,YU2519340 QP76364848 QX16813281 QQ51525474 SX49306291 SQ03100779 QR03717384 RQ49464820 QR69035551 RP07279414
EC82954307,ST31614259 SY24453080 QP4070 RS28883039 QX38698560 QV83157650 RQ68072348 RY85301715 SX55652876 QP65677688 SS38313474 SX79978209 VQ0427555 RU04428394 QQ37018984 QT01314683
BG14557413,QQ46909088 VY3206007 VR0028937 SU90807274 QU00592227 XP5963128
DI49582471,QR17136514 SQ62026668 QV82999037 RU85726527 US3528858 RW62181586
BF53019839,RW70527444 RV15984474 UR6418317 YU5398943 RU29072432 TR05554879 YP2869993 RT55219297 UR246840 SU65166403 SY34491209 RP96635407 QS90707377 SV32072502
CJ40390801,SP03433560 TS64520 YS7969852 QU50049026 RP38842201 RT1344738 ST28913660 XQ0563397 QV70889080 QX02524531 QS19055966 SV38176256
BA18886228,RU20169151 QV00413013 YU5398943 RU29072432 VP2394192 QT1747067 QU43005236 RV10494844 VQ3851355 QX62794029
CB93628344,VP2394192 YU5398943 RU29072432 QU56475107 QY21897790 SR76213471 WQ1611185 TV5657177 SV56771393 QR59109743 RV62935109 SR49252679 RR02694777
DI62811674,VR2003251 QV45469702 SW64379733 QS0493588 RY34589137 SQ99229320
BF77437083,SV21854275 TQ94316975 QV00413013 YU5398943 RV33697384 RQ45977549 QV93226702 RV3253434 RX41724568 SR76213471 SY04821261 SQ83605169 QY26323783
FI3119832,YU2519340 QP76364848 SX49306291 RV8233790 QR69035551 RP07279414
JH062150,RT98491194 RP73609284 SX49306291 SY50589515 RV8233790 RP07279414
CG37352610,SQ18576636 XS4360181 YY9770277 SY62985904 SR89683998 SW90866767
CI57166402,RQ53037761 RW98291665 SQ29691238 RT7946149 QV30022509 SY27372874
JB7166122,TP89322861 TR09606131 QY65364019 SY71284129 SW85806105 QY82116608
DJ87610774,RU85327580 QY68459057 TP4595428 RR93472224 TR03627753 TR32519602 SU09100603 RS98192028 QU97380017 VW5888033 RQ16267579 TT5098029 RU14859165 SY84042837
CA3050907,QV10171038 RX60418664 RW63790767 XV1118590 QV99663431 RU29072432 WP5007381 XT4299203 YU5398943 QU17488130 SS15486330 QW97828094 TQ00712234
EB99616576,WY7638314 RW0532321 YU5398943 RU29072432 RT81417302 VP2394192 SQ64534147 QT87327799 SS10353908 TP0356575 QR94433853 XR1614261 QR90210464 QY08625006 RT20150606 QX26343214 SR76213471 XR886770 RY53981660 RW14876429 RV45454646
BH12635579,QP34788894 TQ49184300 SV64010858 QV34190558 QY1271461 SX25145895
GF1367901,YU1253136 SR08240371 RX35968684 QY93452587 SQ4870193 XX7883465
EB04928393,QY58166234 QT01946527 SQ50441220 SX74059726 QU21370885 RP02132690
CF56133275,VS3659090 SU4333473 SV12493798 RR97223691 QR63370906
BG83687851,QP76364848 SW76957253 QR03717384 RQ49464820 QR69035551 RP07279414
BJ64994682,RU29072432 SX58223520 VT5163767 QS90707377 TT8070308 QX6104502
BE74879368,QP76364848 VW3098017 QR69035551 QY02753965 SS09338938 RP07279414
JA5852095,SY26022702 WQ4391510 WQ9337372 QV00413013 RU29072432 YU5398943 QU32377761 QS90707377 SX73822688 RY08519477
BF61107146,TQ68716115 WU0506418 SY46614613 RV49026611 SY82566776 VY9308704
BG454810,RP06570293 UX9257919 YV8434069 QW79618386 WV1140108 VV5321720
BA67164735,WP6941746 SR13813029 SW07599484 WR461116 QY53210268 SY34988771 QX2153266 RT36500227 SV57419629 QQ06466179 QW28535880 SW87631270 ST39956212 TT9812514 QW01861494 YV4417452 QY44950450 SX65317184 RS84254802 QP94725860 SS44118120 QS44083815 WS512801 SQ52673869 QP98863093 SW08910341 UV0848526 TP85649365 QR57844994 QY86487861 TR60285407 RY80561647 VQ2529118 QV65286634 QR03120960 YV4696705 SV49047558 RV57070627 RP89631359 SP96404071 SV11536448 TQ11934872 QQ05514937 QW22968298 RP0354622 RY34042058 QU36015047 ST57347530 RS7764772
DB56650528,XR1546192 RS03517156 RX56475163 RS32683796 TQ98698180 QQ33385189
HC4978354,TQ45684767 RR49176184 QW84460112 RP46473726 RS57122965 WW0278298 SW71702746 VV7121041 TP7061424 QR41270051 QR11708085 RT15873572 RW95929444 ST80624055 QX65069375 QX65069375 ST16395266 ST16395266 SP46869585
CG68702555,YU2519340 QX44176380 SQ03100779 RP73609284 SY50589515 RP07279414
DA6422496,VP2394192 YU5398943 WW1676713 QS61307272 RU29072432 QV00413013 QY21897790 XV8932064 SS72111380 QX62794029 SR1141387
DC39836164,RY38463739 QV00413013 YU5398943 YU5398943 WW1676713 QS61307272 RQ33183406 RU29072432 RP39358442 RP39358442 RQ30616732 RQ30616732 RV43833505 RV43833505 YP7302600 VS3659090 RT01458775 RT01458775
CF79352265,QT97764698 QS61307272 WW1676713 SP04689246 QX62794029 RS84544175
CG38473114,WU0079596 RR59216780 TY1161414 WV0705045 QY86891478 SS84511898 QP78399009 RP0825836 SS98247231 SQ91068419 XP1248966 SS47784034 QR75822727 YY8267429 WP2032205 QQ37010796
DC03593930,TR44463632 RT98491194 QR72961219 QY02753965 SS09338938 RP07279414
CH5264384,WU7619631 QS41191313 YW3265170 QX1219102 WV2391043 SR16974136 TP14695040 SY15796357 QS06257783 RR45352316 ST00642235 RT01458775
DH31356523,QU2418051 SU09100603 RW90605371 QX45786756 RV68074570 RS52676247
CH2886293,SY26022702 QY9858305 QV00413013 YU5398943 QV11840162 RU29072432 RR37504401 SV55295959 XY9419077 QU32377761 QS90707377 QT28612515 SR64448398 SV32072502 QS61741648
DF19657066,RR62994085 SV01196821 SU6665825 RW64233627 RR15474035 SQ23256869 QU08750870 TP477420 SV17812300 SV85002484 SV85002484 ST65774683 RT15873572 RT15873572 RT15873572 QW52177173 QW52177173 QW52177173 RY65442599 RY65442599 RY65442599 SQ58022870 SQ58022870 SQ58022870
EA81761804,RS50143315 VY1282771 RP28042509 QW03662408 SW02386514 WX8716103 RR74328264 QQ46784351 ST80087256 SX75198199
EB75659797,QR43481310 QQ47733770 SS90105219 QV7252762 SY46692042 RR37302185 XP3596418 RR34592975 QT44583217 XW2052061 UP9781557
BA75126714,VS3572331 QS43107637 QY75638328 TP4584045 XV6512763 SW22448563 TP13025273 SY86920873 SU42590909 VQ2644906 RX33450000 ST41655380 QS33188058 QT56576726 QV69604733 RP91251917 TY0590226 SX66658418 US9541742 QQ54950496 RP0586552 QV47929068 RY97290586 RT47396369 UX4811498 US0014408 RS30544471
CF15029406,SY01290120 SY15373411 QW31720858 VY12101 SX41578300 RP45557691
BD45896548,RU29072432 RU57897657 SU05218480 QW44785223 UV2877160 RV21503414 RV43833505 YP7302600 YU5398943 RQ80806657 VT5128809 RY86124911 RQ30616732 VS3659090 RV58555390 ST95437070
FA0590864,TP87098830 RV8233790 RS45395514 QR03717384 RQ49464820 RP07279414
CB8125888,WQ4391510 QS52928000 RT82084054 RT73561029 QY60313393 RS74825098
DC44428383,QW01227599 RS63285172 QU68656668 RT64117384 SU01931364
DI33425001,RS52794406 SV50969064 SU67156235 SS13795740 QQ51132938 QQ51132938 QV84415115 QV84415115 RT00372017 RW39447505 SS67271873 SP79945961 RV44045385 QR21822553 QY12632087 TS0873264 QY99660851 SS92527422 RQ4089778 YW210112
CA27353775,QQ89547370 XU8488892 SX00668884 QU47826436 RU06208118 TY1161389
CG43058163,RW90657295 RQ81644863 TR53737282 QT01069734 QY98964568 SV00053010 QU57343462 RR32765899 RU67184413 RP07279414
DA64141535,RV81949096 TR40012169 TR18422552 UW8495480 QY9015496 RP69779941
DC58281955,QT88068589 TQ97279783 QR12947698 VS3659090 QV20441934 RQ30616732 YS9291841 RT15873572 SS49548561 SU94729381 TX810467 SP47285147 QQ33385189
II5331957,RU09477415 TR15173213 RY92630849 QQ62004917 YU5002198 QV49692139
DC21545220,QX14593210 SU74237758 TY4609171 RV99966806 RY98423233 SX73074356
BI54575078,SS98368733 SP47285147 SS49548561 QR41270051 RP45413792 RV91215697
DI04368962,SU4604902 YW0316639 QP33209626 TQ15436468 RT15873572 RV29437499
BG84440449,YQ0169576 QT51401793 RT18142030 RS45395514 TP80944038 RP07279414
BE27626481,RS39839832 QV11450851 SU6240482 SU72977792 XX16449 QQ87034903
DG97643704,QV00413013 YU5398943 SX41242017 UT7383999 VT2644408 SR76213471
CC7195072,QS32759137 WQ9337372 TR00394007 RV27346430 VT3346765 QS90707377
HD0373215,SQ03100779 SP50850143 RQ49464820 QY02753965 QR69035551 RP07279414
BI79127286,YU2519340 SX49306291 RV8233790 VW3098017 QR69035551 RP07279414
DE64554032,RW77472459 RR58521927 XX9795193 VT5163767 QR70829015 RX94128040 SQ80988532 RR64041858 QQ03665416 SS97593388
CB87183134,TT0970262 TP89204268 VY3050209 SQ37171860 QQ87086028 QW09594652
CJ3229720,XV1118590 QT71140446 YU5398943 RU29072432 SW35036412 YV0369551
DG37069534,YU2519340 RT18142030 RV8233790 TP80944038 QR69035551 RP07279414
DG01599789,QP87635781 QY52025239 QT34430305 SU05302995 TP04973596 SR34297562
JH5501999,TQ25420656 TR03627753 XY9234866 VW9700922 VW5888033 RT28145712
EB56731925,QT97764698 RU29072432 ST29508261 WQ1611185 YU5398943 RT15873572 QQ39465813 RQ57645470 RX30173169 RV10494844 XY6333395 XP0349173
CJ58453070,SS21054057 SQ49756569 RW03254873 RP1681061
BA30441254,SX74363313 RW43813328 SS19071521 QQ17746020 WR7714452 RS77296815 RP20205490 QS01997573 SW92116629 SV98731704 QP4607440 RV70146105 US0021453 QR98449638 VT442250 RQ08986641
CJ30631258,QQ14350408 RW40052708 TY4693063 SR63097785 RX06565970 RQ95745382
BH76705938,SS55058483 TP67173724 WX8806703 RT63233266 SY81207518 WR1486079
EB22483286,QY40144951 QR70821753 TQ00467276 RX92429018 QV43733273 QU8205194 SX03531290 QY3057331 TQ59151915 QQ74322982 SW29527390 QS63299595 UX0944656 RW92119811 SW84929022
EJ1840802,QX01025265 QR11578449 XY1266900 TR80897548 TP72954907 RU927492
BH6349030,TQ33637044 TR24104772 QQ6205891 SU75536012 WY1187416 RX24762134
BJ72874413,YU5398943 QV00413013 SY0341495 RV3253434 SR76213471 RW12351162
DC81890361,QR03574711 SP06554485 QY39373766 YT512525 SU72612838 TP34045801
DF08561523,TX0878599 QW31351853 QV28763650 QY42642254 RP13037725 TY6131340
DF49860217,SP59491867 QQ80929461 SR18113289 SV32129790 SS68128234 QQ1299360
EC69957924,QQ79651886 SV97332645 QU84032720 QP85255811 RW21339456 SP76674861
CB77461994,YU2519340 QX44176380 RP73609284 QR03717384 RQ49464820 RP07279414
CJ21156307,RP30801280 QQ67497006 VS3397465 SS77452001 QS77112530 QW81691537 UW2112673 SU27773293 RP51799233 WY7378040 SU08322706
CG75088061,TR42816413 RW62356638 SR89683998 QV30022509 SX64843980 SW90866767
BG96780091,RT98491194 RX15362044 RP73609284 UQ6796945 RQ49464820 RP07279414
DB10482182,RV43833505 YP7302600 QV92359541 RQ30616732 VS3659090 YW217712
BF44786140,SW51924386 QP03065332 QS42131627 YU4819298 QR83922964 QS30529419
DD87377708,SQ28414020 QV744769 QU9721752 RR03480307 QS19886393 SW8442814
CH87637778,YQ0169576 QP76364848 YU2519340 QT51401793 TR44463632 SQ03100779 QR03717384 RQ49464820 TP80944038 QR69035551 RP07279414
IA365330,RQ8221722 SS02719635 UU9618821 UQ4153585 RX06565970 RT31677639
BC21391751,SV03111897 UQ0687100 YP8427583 RT89333364 ST06437144 QU41614804
BE7852768,SV43346333 WT7845900 QS36550405 VR2003251 WV6157199 RX65762984 QU88010656 QX42491212 QQ28274822 SR89683998 SW73489407 SQ99229320
EB70453600,RY9696797 UX0504008 SX98095594 TP13950788 RT63159061 QT06383414 QY54528574 XT684334 UQ1362023 SP71822251 QV90154685
CI55659739,YU5398943 RU29072432 QV11840162 SU65166403 SY53952340 QS90707377 QU32377761 SU51855555 QW36093461 SV32072502 QU99219405 SS14895954
DF04868122,YU5398943 WW1676713 RU29072432 QS61307272 RV43833505 TP45444993 YP7302600 XY8403969 RT25916002 TP3202920 SY76993681 RT01458775
CI15174275,YU2519340 RP73609284 RV8233790 QR69035551 SP48578499 RP07279414
DD36162241,RP44297478 RW25806125 QU10397833 RQ41807420 RW94180407 TR18102720
DA38024163,RY12359758 QV23900702 RT57973567 TP58829330 QV76265172 RY42609119 QY66347593 SP00227659 RY55430444 WR149297 RW702695
GH0504249,QW69873692 QV35880727 QY48173913 VR9780337 QT1146193 RT12119621
BI82344631,SQ74718152 QU65011423 VV357203 VR7290679 SY81222120 RT60315917 SW11746032 TS5185357 RX59386475 ST4812468 SS18084807 SQ65830762
GI7595500,RW61684874 RS01324542 VR2943286 QR32655838 QQ70318717 TR7450245
CJ93544760,QX77217637 RY74043284 RS54817832 SS6832383 RR44851506 QX34242831
BF24520597,QR05670273 RS68083210 RS0117918 TR03571618 QR32399528 TY512724
DC48992473,UP5206311 RR9397491 RS24380948 RQ03350077 XV9878857 SY66531125
DD08369328,YU5398943 YY7119679 SY81414613 ST10736122 RV13114347 QQ64494804
BI72064755,QY55290741 RW41182317 RV71536488 QX6216354 ST06006327
GA9504174,QP76364848 SW76957253 QR7757681 QR69035551 UQ7558243 QY02753965
BI15513076,QR31053829 QY17405339 WW1048344 RQ44335101 RQ58886392 SW14846142
HD8324703,ST564349 QV2332756 VV7664881 SX55652876 SP84875554 SV77852886 RS88719133 SX825896 VW7713566 QW10669663
CA56169186,RT42660214 RT18142030 RP73609284 QR03717384 RP07279414 RQ49464820
BF15805774,WU3115138 SU83375355 RT22059390 SX35329221 UX5602638 RS8236954
CC1442949,QV00413013 RU29072432 YU5398943 RV4366149 QS90707377 QU32377761 YX6099040 TR6902061 TQ14638129 QP44854627 RR52007144 QP33318499 SV06182932
BA13594520,YU5398943 YW217712 QS70244570 SU54433899 QY26015481 SQ83605169
JJ9268198,SV4572656 RW94260340 RT15873572 WQ1904904 VY1970985 QP64885201
DI25327054,RS97682512 SS26446571 SU33630764 QV57604679
DI82784583,SS07793700 SP70286690 QW12704788 TP45413981 RP44667813 SU24326927
DG01181201,QS59710437 QP68825763 SU3933726 QW95371268 QR80177873 QQ33385189 XT3570927 WS2997628 RT15873572 QT3408758
EA78937413,QS42847040 QV82999037 SP40691375 VY5330828 SS17052947 VW648066
DF50832930,YU2519340 QP76364848 SX49306291 RV8233790 QR69035551 RP07279414
BD50285710,SP66321838 QU95241082 SV39467255 QP41499194 UR4691289 QX24709964 TR67881656 RQ45223158 QV60874393
BB50230846,SR16854901 VP3768826 RW40996837 RX95178379 QR94755971 SY51957899 SV3096366 QV45204489 SY14593969
DD17432819,RU57676844 ST79915003 SS44451900 SV74045729 VY6974056 RQ46934064
BG41930443,RR1202458 SY19284079 TV687083 TR54456631
DG15297413,UU9618821 RX06565970 SQ04408471 SS85455424 SX02505698 RS4197631
IE0865386,SQ26631984 SW8308819 RY98372996 QY73916091 QR97375856 SR59486668 UT6889678 VQ6825218 SU31332626 VR3791878 ST08530820
DD50877536,XR1546192 RP65683170 QS95068547 QT42934258 QU60093320 QW91598205 QR80644689 SY17524398 SQ56836239 RY73911742
GJ3535188,YU2519340 QY02753965 QR03717384 RQ49464820 SS09338938 RP07279414
DD93069828,RS6468864 QS70289455 RR32765899 QY40265937 RP07279414 QQ16957623
BF39795814,QV00413013 YU5398943 SY81414613 SQ45143643 RR17633473 QW47078058
CC3726744,TP14751562 US377121 TP24909366 SR4581869 SS88406764 SU70065282
BG96361679,UX2672945 QR05670273 WQ9337372 RV26540872 SY29507420 UV3395736 YW4347338 RW28427768 TY6131340 TR52287704 QY07550340
DC70633490,TR44463632 VW3098017 QR72961219 QR69035551 SS09338938 RP07279414
BF55282107,QR38591141 RS11572043 RQ98931282 ST88779034 VR7338344 RX44691787
BI27991074,RV43833505 YP7302600 RQ30616732 VS3659090 SV4721213 QP81122807
CC09002289,RP20022404 QV04324184 TX3236510 SY2166594 RT53241445 QQ88805929 SY46862286 SS15662669 QU24561927 SP2720508 QV78019857 QX33196462 SX9805714 RV25684328 TQ330505
CE99645933,YX4533875 ST80624055 QT39955445 YR0638337 QQ73584072 SU81275802
IA2688704,RS5476646 XP4619862 SR06828033 SU20307709 RV70583521 WR0575893
BE87498370,RU05330132 QQ49588581 QQ02483880 QR63459475 QR2777568 RU9138075
GE8889363,QR05670273 WQ9337372 SV10629096 QT21349430 RR24313777 SR54991059
DA63570853,RT18142030 QQ51525474 SX49306291 QR03717384 QR69035551 RP07279414
FH2449222,QV95480317 QT27376534 QQ33385189 RV33697384
CI85761776,QQ1865818 QP66010345 ST07521586 QS48764141 QQ93557066 SV76123091 QW32452113 QV3992226 SS35311287 QX690082 VX6023870 SP17798619
BA72640827,RV93999668 QV28506913 XV549210 TP61182012 RT61534851 QY91249255
JG920130,TU0130761 QW76393554 QR41270051 RV28680570 RT29675854 VQ5488222
FA521271,SR11023626 QU70912780 QV67438718 QP70478164 YX2322965 QY27775201
BD36647234,TQ56683850 WY7638314 YU5398943 QU70314869 RV43833505 RQ30616732 QW73230862 RX2265232 QV41873670 QY27168893 QQ84964740 RV91609942 QY35315082 VY2075109 QV36407015
HA0438783,YU2519340 QP76364848 SQ03100779 SW76957253 QR03717384 SX49306291 RQ49464820 RV8233790 VW3098017 QR69035551 RP07279414
BA60099431,QX53435067 SW12070556 TP80944038 SS09338938 QR69035551 RP07279414
EC44826201,QP76364848 QQ98319209 QR69035551 SX49306291 QU48058369 RU49322104
GI4722612,QT88068589 RV52552299 RR62994085 UU9618821 RR12943097 QT0337530
CJ75408825,TR03627753 SU09100603 QU2418051 VQ186519 YU0466784 RS52676247
IC6927178,RU29072432 QV00413013 YU5398943 QQ10543265 QV89486051 QU17488130 QS71024414 RR1202458 RS73204206 SV48914854
CG86965763,QQ11902281 YT0261225 RQ03350077 QS35898508 SU46861867 RW01293208
DA24528036,TP60350890 QT97894009 RQ19976630 QX60786983 UX5151978 RP38082048
BF67057770,YX978060 QT48086840 ST77891691 YQ5403718 TP82601014 QW76393554 RS72725650 XT3570927 RS07150378 QQ33385189 XP2067141
BJ67689783,QQ34231092 QV66413374 XV1455380 SV29495507 TR49979866 RX60014925 RR74349979 RW79174239 TQ70145082 RV53321720 SS30051251 WS1289734
CI25444746,YU2519340 QY02753965 RV8233790 QR03717384 RQ49464820 RP07279414
CD17630684,RX03195749 RX89060532 ST69813488 QT30108025 TQ42633382 SW79243813
EA91804141,QT16418718 QR72700922 RX14929505 QX11021363 SU26046417 ST67552102
BA22813953,RR86155514 RS54857659 QU75588609 RP35908534
DI87899389,XV1118590 RU29072432 YU5398943 QV00413013 QW53679456 RS55400133
BH42267789,RX23343043 RS6468864 QS70289455 RR32765899 RU67184413
CH23711433,YU5398943 RU29072432 QU32377761 QS90707377 RW74259276 RQ28371414
EB01519751,XV2976415 QS47542349 SX28664529 TQ40663220 XY7667289 TR58442948 RX03416473 TR7097190 VX8225431 XY3326926 SX01433102 RQ14066448 VQ5488222
CG89941153,QV01916220 QT49135207 SP83830288 SU65166403 SV37523569 TR83510412
CH26466130,QV97930615 YU5398943 RU29072432 QU32377761 QS90707377 SV32072502
DJ37992703,QY14791953 YQ5403718 QP36961928 QY6335814 RX03195749 TQ40154751
CD61587577,QP64676677 SP37717443 QV09864127 TU299662 RQ64122730 VP1724573
CI67397699,QP76364848 SX49306291 SW76957253 RV8233790 QR69035551 RP07279414
DD53825628,RW88558897 SS47318178 SS76874101 WU1257786 QV99561506 XP3416244
DD29238167,QX82674933 TP1945277 QW59424406 ST29610508 SS23634350 SQ36211868
DJ70062925,SR56009463 QR41270051 RT48320909 RV42068464 YQ4641836
BE32546106,QP76364848 QR69035551 RV8233790 QY02753965 RW29267396 QT65929077
FA4326263,RT71195693 SS20505228 WT5914541 RY20431298 SW90866767
CD86208218,QX155167 QW53430045 RV1877241 VT6922507 RR37225061 RU79915587
CD13021179,SR11591366 SQ23256869 TP477420 SV17812300 QW41634425 XY2230242
CF43824082,TQ6330287 RS90991047 QW19075410 RT53174300 VT2644408 QW52607782 QW52177173 RV91215697 VW9023125
JD8766697,XV1118590 YU5398943 QV00413013 RU29072432 SY85899647 RW14222740
CA07776821,SQ74177804 QR13255557 SR36979875 RP72654397 ST02377961 RQ70142135
CB24468398,XV1118590 YU5398943 RU29072432 SW35036412 SX05108320 QR81108322
BC10507520,QT73914288 YV8466974 RX25386316 SQ24721005 QT07744396 SR41864350
DB29779187,XT3844488 RQ83849299 VQ7316572 SQ63090701 TQ82255726 QU96190412
CE21584601,QP76364848 QY02753965 RQ49464820 QR03717384 QR69035551 RP07279414
JC5496510,TR32519602 QQ16367368 QU97380017 WY9782433 RT28145712 XR3015621
CE77144867,TQ05510328 QR69035551 RS6468864 QV60158596 QX55529308 QR62111436
GB1059554,SX12153136 XY7667289 QR22992905 SS29773282 QT41699239 RX99306830
CG50571118,QW84460521 RR14433187 QP31615077 TR59324970 WU326416
CJ3887296,SV01196821 ST80624055 QR55629030 QQ96882187 RQ75450462 RR79603197
BI82928667,UU3125617 RR19144892 RX96431832 QW59571467 RV10561518 SX18612808
CE2737714,QP61411905 VP1922837 RV95404171 QQ00158098 QT86375750 TR19250662
IF1286067,SW70815990 RY12359758 QS82852410 VX8975255 QS40479010 SP00227659
EA40113414,XR1546192 UU3678266 QQ62270076 QW41634425 TQ98698180 RT15873572
DE49620252,YS9563341 RV33693246 RU05798415 RT645215 RS98301447 XP7006174
CE13089165,RR51273418 QQ46909088 RY78630628 TQ68094163 QS74817425 SX61842266
CH54172608,QU48928340 QP68825763 SY03656386 QS81165425 SR42166240 QQ96882187
BC79721997,WU3115138 QW76797476 SY22480541 TP02702641 SS12315763 QP65213296
JJ5064362,SS31390995 RT76622244 QS34367841 VU6688286 QU63973355 TQ25754193
